{"name":"oracle-client","version":"0.3.0","description":"Installs/Configures oracle-client","long_description":"oracle-client cookbook\n======================\n[![Stories in Ready](https://badge.waffle.io/universityofderby/chef-oracle-client.png?label=ready&title=Ready)](https://waffle.io/universityofderby/chef-oracle-client)\n[![Join the chat at https://gitter.im/universityofderby/chef-oracle-client](https://badges.gitter.im/Join%20Chat.svg)](https://gitter.im/universityofderby/chef-oracle-client?utm_source=badge&utm_medium=badge&utm_campaign=pr-badge&utm_content=badge)\n\nScope\n-----\nThis cookbook is concerned with a full installation of oracle-client. This will give access to oracle-cient, sqlplus etc.\nYou will need to accept the terms & conditions on the oracle site and download to an on-site artifact store: http://www.oracle.com/technetwork\n\nThis cookbook will setup the tnsnames file through the use of node attributes (detailed below).\n\nThis cookbook does not set up an oracle-client service.\n\nRequirements\n------------\n - Chef 12 or higher\n - oracle-client downloaded to an on-site location.\n\nPlatform Support\n----------------\nThe following platforms have been tested with Test Kitchen:\n=======\n\n```\n|----------------+------------+------------|\n|                | 12.1.0.1.0 | 11.2.0.1.0 |\n|----------------+------------+------------|\n| ubuntu-10.04   |            |            |\n|----------------+------------+------------|\n| ubuntu-12.04   |            |            |\n|----------------+------------+------------|\n| ubuntu-14.04   |            |            |\n|----------------+------------+------------|\n| centos-5       |     X      |      X     |\n|----------------+------------+------------|\n| centos-6       |     X      |      X     |\n|----------------+------------+------------|\n```\nIf your Operating system is not on this list please submit a pull request with an update kitchen file and related tests.\n\nCookbook Dependencies\n---------------------\n - ark\n - resrouce\n - oracle-inventory\n\nUsage\n--------\nThis cookbook uses the common_artifact_repo pattern.\n\nThe download URL is worked out from `node.common_artifact_repo` + installer_file\nThis allows you to have a common artifact store url accross an environment or accross a single application.\n\nTo override this pattern simple supply the `installer_url:` in the oracle_client resource.\n\nPlace a dependency on the oracle-client cookbook in your cookbook's metadata file\n```ruby\ndepends 'oracle-client', '~> 0.3.0'\n```\n\nThen in a recipe:\n```ruby\nnode.default['common_artifact_url'] = 'htttp://artifact.home/software'\n\noracle_client '11.2.0.1' do\n  ownername 'app1'\n  groupname 'app_group'\n  installer_file 'client-11.2.0.1.zip'\nend\n```\n\nAdd the following before your `oracle_client` resource to set the `tnsnames.ora` file.\n\n```ruby\nnode.default['oracle']['client']['tnsnames']['ktst']['host'] = 'k-test-unicon'\nnode.default['oracle']['client']['tnsnames']['ktst']['port'] = 13_870\nnode.default['oracle']['client']['tnsnames']['ktst']['service_name'] = 'ktst'\n```\n\nFor more examples see `test/fixtures/cookbooks`\n\nAuthors\n------\n- Dan Webb\n- Luke Bradbury\n","maintainer":"Dan Webb, Luke Bradbury","maintainer_email":"ai@derby.ac.uk","license":"Apache 2.0","platforms":{},"dependencies":{"ark":">= 0.0.0","compat_resource":">= 0.0.0","oracle-inventory":">= 0.0.0"},"recommendations":{},"suggestions":{},"conflicting":{},"providing":{},"replacing":{},"attributes":{},"groupings":{},"recipes":{}}